<?xml version="1.0" encoding="UTF-8"?>

<ValueSet xmlns="http://hl7.org/fhir">
  <id value="credential-service-type"/>
  <text>
    <status value="generated"/><div xmlns="http://www.w3.org/1999/xhtml"><ul><li>Include these codes as defined in <a href="CodeSystem-trust-service-context.html"><code>http://worldhealthorganization.github.io/smart-trust/CodeSystem/trust-service-context</code></a><table class="none"><tr><td style="white-space:nowrap"><b>Code</b></td><td><b>Display</b></td></tr><tr><td><a href="CodeSystem-trust-service-context.html#trust-service-context-vaccine_credential">vaccine_credential</a></td><td>Vaccine Credential</td></tr><tr><td><a href="CodeSystem-trust-service-context.html#trust-service-context-test_credential">test_credential</a></td><td>Lab Test Credential</td></tr><tr><td><a href="CodeSystem-trust-service-context.html#trust-service-context-recovery_credential">recovery_credential</a></td><td>Recovery Credential</td></tr><tr><td><a href="CodeSystem-trust-service-context.html#trust-service-context-exemption_credential">exemption_credential</a></td><td>Exemption Credential</td></tr><tr><td><a href="CodeSystem-trust-service-context.html#trust-service-context-ips_credential">ips_credential</a></td><td>International Patient Summary Credential</td></tr></table></li></ul></div>
  </text>
  <url value="http://worldhealthorganization.github.io/smart-trust/ValueSet/credential-service-type"/>
  <version value="0.0.1"/>
  <name value="WHOSMARTTrust_credential_service_type"/>
  <title value="WHO SMART Trust credential service type"/>
  <status value="active"/>
  <experimental value="true"/>
  <date value="2023-02-22T22:50:38+00:00"/>
  <publisher value="WHO"/>
  <contact>
    <name value="WHO"/>
    <telecom>
      <system value="url"/>
      <value value="http://who.int"/>
    </telecom>
  </contact>
  <description value="Health credential service type"/>
  <jurisdiction>
    <coding>
      <system value="http://unstats.un.org/unsd/methods/m49/m49.htm"/>
      <code value="001"/>
    </coding>
  </jurisdiction>
  <compose>
    <include>
      <system value="http://worldhealthorganization.github.io/smart-trust/CodeSystem/trust-service-context"/>
      <concept>
        <code value="vaccine_credential"/>
      </concept>
      <concept>
        <code value="test_credential"/>
      </concept>
      <concept>
        <code value="recovery_credential"/>
      </concept>
      <concept>
        <code value="exemption_credential"/>
      </concept>
      <concept>
        <code value="ips_credential"/>
      </concept>
    </include>
  </compose>
</ValueSet>