{
  "resourceType" : "ValueSet",
  "id" : "credential-type",
  "text" : {
    "status" : "generated",
    "div" : "<div xmlns=\"http://www.w3.org/1999/xhtml\"><ul><li>Include these codes as defined in <a href=\"CodeSystem-trust-service-context.html\"><code>http://worldhealthorganization.github.io/smart-trust/CodeSystem/trust-service-context</code></a><table class=\"none\"><tr><td style=\"white-space:nowrap\"><b>Code</b></td><td><b>Display</b></td></tr><tr><td><a href=\"CodeSystem-trust-service-context.html#trust-service-context-who\">who</a></td><td>WHO DDCC</td></tr><tr><td><a href=\"CodeSystem-trust-service-context.html#trust-service-context-dcc\">dcc</a></td><td>EU DCC</td></tr><tr><td><a href=\"CodeSystem-trust-service-context.html#trust-service-context-icao\">icao</a></td><td>ICAO</td></tr><tr><td><a href=\"CodeSystem-trust-service-context.html#trust-service-context-au\">au</a></td><td>AU</td></tr><tr><td><a href=\"CodeSystem-trust-service-context.html#trust-service-context-shc\">shc</a></td><td>SMART Health Card</td></tr><tr><td><a href=\"CodeSystem-trust-service-context.html#trust-service-context-divoc\">divoc</a></td><td>DIVOC</td></tr></table></li></ul></div>"
  },
  "url" : "http://worldhealthorganization.github.io/smart-trust/ValueSet/credential-type",
  "version" : "0.0.1",
  "name" : "WHOSMARTTrust_credential_type",
  "title" : "WHO SMART Trust credential type",
  "status" : "active",
  "experimental" : true,
  "date" : "2023-02-22T23:06:06+00:00",
  "publisher" : "WHO",
  "contact" : [{
    "name" : "WHO",
    "telecom" : [{
      "system" : "url",
      "value" : "http://who.int"
    }]
  }],
  "description" : "Health credential type",
  "jurisdiction" : [{
    "coding" : [{
      "system" : "http://unstats.un.org/unsd/methods/m49/m49.htm",
      "code" : "001"
    }]
  }],
  "compose" : {
    "include" : [{
      "system" : "http://worldhealthorganization.github.io/smart-trust/CodeSystem/trust-service-context",
      "concept" : [{
        "code" : "who"
      },
      {
        "code" : "dcc"
      },
      {
        "code" : "icao"
      },
      {
        "code" : "au"
      },
      {
        "code" : "shc"
      },
      {
        "code" : "divoc"
      }]
    }]
  }
}