{
  "resourceType" : "ValueSet",
  "id" : "credential-content-type",
  "text" : {
    "status" : "generated",
    "div" : "<div xmlns=\"http://www.w3.org/1999/xhtml\"><ul><li>Include these codes as defined in <a href=\"CodeSystem-trust-service-context.html\"><code>http://worldhealthorganization.github.io/smart-trust/CodeSystem/trust-service-context</code></a><table class=\"none\"><tr><td style=\"white-space:nowrap\"><b>Code</b></td><td><b>Display</b></td></tr><tr><td><a href=\"CodeSystem-trust-service-context.html#trust-service-context-COVID-19\">COVID-19</a></td><td>COVID-19</td></tr><tr><td><a href=\"CodeSystem-trust-service-context.html#trust-service-context-Monkeypox\">Monkeypox</a></td><td>Monkeypox</td></tr></table></li></ul></div>"
  },
  "url" : "http://worldhealthorganization.github.io/smart-trust/ValueSet/credential-content-type",
  "version" : "0.0.1",
  "name" : "WHOSMARTTrust_credential_content_type",
  "title" : "WHO SMART Trust credential content type",
  "status" : "active",
  "experimental" : true,
  "date" : "2023-02-22T22:50:38+00:00",
  "publisher" : "WHO",
  "contact" : [{
    "name" : "WHO",
    "telecom" : [{
      "system" : "url",
      "value" : "http://who.int"
    }]
  }],
  "description" : "Health credential content type",
  "jurisdiction" : [{
    "coding" : [{
      "system" : "http://unstats.un.org/unsd/methods/m49/m49.htm",
      "code" : "001"
    }]
  }],
  "compose" : {
    "include" : [{
      "system" : "http://worldhealthorganization.github.io/smart-trust/CodeSystem/trust-service-context",
      "concept" : [{
        "code" : "COVID-19"
      },
      {
        "code" : "Monkeypox"
      }]
    }]
  }
}