{"resourceType":"ValueSet","id":"credential-service-type","text":{"status":"generated","div":"<div xmlns=\"http://www.w3.org/1999/xhtml\"><ul><li>Include these codes as defined in <a href=\"CodeSystem-trust-service-context.html\"><code>http://worldhealthorganization.github.io/smart-trust/CodeSystem/trust-service-context</code></a><table class=\"none\"><tr><td style=\"white-space:nowrap\"><b>Code</b></td><td><b>Display</b></td></tr><tr><td><a href=\"CodeSystem-trust-service-context.html#trust-service-context-vaccine_credential\">vaccine_credential</a></td><td>Vaccine Credential</td></tr><tr><td><a href=\"CodeSystem-trust-service-context.html#trust-service-context-test_credential\">test_credential</a></td><td>Lab Test Credential</td></tr><tr><td><a href=\"CodeSystem-trust-service-context.html#trust-service-context-recovery_credential\">recovery_credential</a></td><td>Recovery Credential</td></tr><tr><td><a href=\"CodeSystem-trust-service-context.html#trust-service-context-exemption_credential\">exemption_credential</a></td><td>Exemption Credential</td></tr><tr><td><a href=\"CodeSystem-trust-service-context.html#trust-service-context-ips_credential\">ips_credential</a></td><td>International Patient Summary Credential</td></tr></table></li></ul></div>"},"url":"http://worldhealthorganization.github.io/smart-trust/ValueSet/credential-service-type","version":"0.0.1","name":"WHOSMARTTrust_credential_service_type","title":"WHO SMART Trust credential service type","status":"active","experimental":true,"date":"2023-02-22T23:06:06+00:00","publisher":"WHO","contact":[{"name":"WHO","telecom":[{"system":"url","value":"http://who.int"}]}],"description":"Health credential service type","jurisdiction":[{"coding":[{"system":"http://unstats.un.org/unsd/methods/m49/m49.htm","code":"001"}]}],"compose":{"include":[{"system":"http://worldhealthorganization.github.io/smart-trust/CodeSystem/trust-service-context","concept":[{"code":"vaccine_credential"},{"code":"test_credential"},{"code":"recovery_credential"},{"code":"exemption_credential"},{"code":"ips_credential"}]}]}}