<?xml version="1.0" encoding="UTF-8"?><ValueSet xmlns="http://hl7.org/fhir"><id value="credential-content-type"/><text><status value="generated"/><div xmlns="http://www.w3.org/1999/xhtml"><ul><li>Include these codes as defined in <a href="CodeSystem-trust-service-context.html"><code>http://worldhealthorganization.github.io/smart-trust/CodeSystem/trust-service-context</code></a><table class="none"><tr><td style="white-space:nowrap"><b>Code</b></td><td><b>Display</b></td></tr><tr><td><a href="CodeSystem-trust-service-context.html#trust-service-context-COVID-19">COVID-19</a></td><td>COVID-19</td></tr><tr><td><a href="CodeSystem-trust-service-context.html#trust-service-context-Monkeypox">Monkeypox</a></td><td>Monkeypox</td></tr></table></li></ul></div></text><url value="http://worldhealthorganization.github.io/smart-trust/ValueSet/credential-content-type"/><version value="0.0.1"/><name value="WHOSMARTTrust_credential_content_type"/><title value="WHO SMART Trust credential content type"/><status value="active"/><experimental value="true"/><date value="2023-02-22T22:50:38+00:00"/><publisher value="WHO"/><contact><name value="WHO"/><telecom><system value="url"/><value value="http://who.int"/></telecom></contact><description value="Health credential content type"/><jurisdiction><coding><system value="http://unstats.un.org/unsd/methods/m49/m49.htm"/><code value="001"/></coding></jurisdiction><compose><include><system value="http://worldhealthorganization.github.io/smart-trust/CodeSystem/trust-service-context"/><concept><code value="COVID-19"/></concept><concept><code value="Monkeypox"/></concept></include></compose></ValueSet>